radius_km,clusters,silhouette,balance,largest_cluster_percent,singletons
50,514,0.23792880889126208,0.941462753742471,3.043867502238138,305
100,257,0.23691632610733043,0.8896388286862308,6.714413607878246,109
150,165,0.2378207567098003,0.8495587710492146,9.400179051029543,63
200,116,0.16364654158016895,0.8202813396267353,12.175470008952551,39
250,83,0.18123639257689422,0.8061038649875379,15.75649059982095,21
300,73,0.11139265765051065,0.7645140900774899,18.621307072515666,20
350,55,0.2411332227756505,0.7518277107222788,21.307072515666963,15
400,50,0.18092403390431677,0.7225656412290496,24.529991047448522,11
450,43,0.124614342744771,0.6975665744364795,28.02148612354521,9
500,37,0.13023107909405418,0.6810482932302567,30.975828111011637,6
550,32,0.15683806024948085,0.6610027551116898,34.37779767233662,5
600,31,0.10809364510405817,0.6204335440377491,36.794986571172785,5
650,23,0.2248259244420246,0.6343456648368669,39.57027752909579,4
700,23,0.23670163146740006,0.6006518123698432,42.614145031333926,5
750,21,0.3737125523719749,0.5941240707848222,45.38943598925694,6
800,19,0.24190351957460995,0.5970963140343877,47.98567591763653,4
850,21,0.19483389167049933,0.5442129407674091,51.02954341987467,5
900,19,0.13197638311479934,0.5513436299920418,52.820053715308866,5
950,14,0.14408050451785287,0.5650647258399122,56.58012533572068,1
1000,12,0.20452043532671502,0.564698743382081,60.07162041181737,1
1050,13,0.11870794619892569,0.5197322495674065,62.846911369740376,1
1100,13,0.13811637774305066,0.4914373916045079,65.08504923903313,3
1150,12,-0.044123517310378675,0.44790563817961165,68.93464637421665,4
1200,12,0.02699823005211883,0.4270330440881327,71.97851387645478,3
1250,11,0.10500786418887528,0.4034779745392108,74.30617726051925,1
1300,9,0.2650284672277243,0.41402363868451214,75.02238137869293,1
1350,10,0.07990736906878382,0.38051121437722324,75.82811101163833,1
1400,10,0.17871331820803152,0.3554878160439782,76.99194270367055,2
1450,7,0.23538775329392597,0.38768027845447967,78.51387645478961,1
1500,6,0.2462558563761925,0.3965378054344964,79.49865711727843,0
1550,6,0.21934230579552363,0.3749480888457231,80.30438675022381,0
1600,6,0.17406049509201596,0.3571786774606523,80.84153983885408,0
1650,4,0.6188298492711828,0.4341415547034403,81.19964189794091,0
1700,6,0.1668431989518255,0.3413918925993068,82.09489704565802,0
1750,6,0.19439856135369896,0.3200955037001843,82.9006266786034,2
1800,4,0.6252234079641011,0.4008438717825413,83.16920322291853,0
1850,4,0.6252543374823549,0.39518512209551104,83.52730528200537,0
1900,5,0.42321351918179756,0.3429033270950249,83.8854073410922,0
1950,5,0.1601565720020068,0.35025824244636505,84.51208594449419,0
2000,5,0.1433856809319052,0.33098364601475194,85.22829006266785,1
