city,population,lat,lon,region_name,region_name_ao,region_iso_code,federal_district,okato,oktmo,kladr_id,fias_id,place_id,cluster,is_cluster_center,distance_to_center_km
Белогорск,65.3,50.9213415,128.4739471,Амурская область,,RU-AMU,Дальневосточный,10410000000,10710000001,2800000300000,c528e99b-7e81-4290-9cda-8713884472a5,128340463.0,23,True,0.0
Благовещенск,226.4,50.290659,127.527198,Амурская область,,RU-AMU,Дальневосточный,10401000000,10701000001,2800000100000,8f41253d-6e3b-48a9-842a-25ba894bd093,259088952.0,23,False,96.85844621456305
Завитинск,10.2,50.1064111,129.4391813,Амурская область,,RU-AMU,Дальневосточный,10221501000,10621101001,2800500100000,7b39476f-0edb-4bc3-bb31-6cedfb2aa695,111442996.0,23,False,113.44077294959709
Зея,23.0,53.7340088,127.265787,Амурская область,,RU-AMU,Дальневосточный,10412000000,10712000001,2800000400000,581855f4-f0bc-44a5-a36e-a298279f9ec4,106507650.0,23,False,323.33834203403046
Райчихинск,16.8,49.7941615,129.4112492,Амурская область,,RU-AMU,Дальневосточный,10420000000,10720000001,2800000200000,981b5f3a-f0b6-444f-a6fb-c2bc10804b31,131666161.0,23,False,141.87974083623754
Свободный,54.0,51.3614103,128.1219729,Амурская область,,RU-AMU,Дальневосточный,10430000000,10730000001,2800000500000,dd560dfa-3feb-48e2-aa3b-b71213e7441e,127115115.0,23,False,54.748628885991714
Циолковский,7.2,51.762481,128.1219846,Амурская область,,RU-AMU,Дальневосточный,10545000000,10770000001,2800001000000,f9ce3255-3f79-4457-919c-d180fa813b6a,258450364.0,23,False,96.67242919373706
Шимановск,18.6,52.0051886,127.7005458,Амурская область,,RU-AMU,Дальневосточный,10440000000,10740000001,2800000700000,809f0591-bb18-40a2-9fac-7d3d0a22c0bf,258858924.0,23,False,131.88927882069976
Облучье,8.4,49.0189345,131.0540102,Еврейская автономная область,,RU-YEV,Дальневосточный,99220501000,99620101001,7900300100000,b60c1e9f-9355-47ef-b5a3-82906d074bd4,131542776.0,23,False,280.6734069387556
