city,population,lat,lon,region_name,region_name_ao,region_iso_code,federal_district,okato,oktmo,kladr_id,fias_id,place_id,cluster
Алейск,29.0,52.4922513,82.7793606,Алтайский край,,RU-ALT,Сибирский,1403000000,1703000001,2200000200000,ae716080-f27b-40b6-a555-cf8b518e849e,257210632.0,2
Барнаул,632.4,53.3479968,83.7798064,Алтайский край,,RU-ALT,Сибирский,1401000000,1701000001,2200000100000,d13945a8-7017-46ab-b1e6-ede1e89317ad,258390190.0,2
Белокуриха,15.2,51.996152,84.9839604,Алтайский край,,RU-ALT,Сибирский,1404000000,1704000001,2200000300000,e4edca96-9b86-4cac-8c7f-cc93d9ba4cd1,258169961.0,2
Бийск,199.5,52.5393864,85.2138453,Алтайский край,,RU-ALT,Сибирский,1405000000,1705000001,2200000400000,52f876f6-cb1d-4f23-a22f-b692609fc1e0,258937159.0,2
Горняк,12.3,50.9979622,81.4643358,Алтайский край,,RU-ALT,Сибирский,1225501000,1625101001,2202700100000,094b3627-2699-4782-8492-4d82aac71958,259062368.0,2
Заринск,45.9,53.7063476,84.9315081,Алтайский край,,RU-ALT,Сибирский,1406000000,1706000001,2200001100000,142e04ef-dec1-44fa-b553-fac215764374,259060878.0,2
Змеиногорск,10.2,51.1581094,82.1872547,Алтайский край,,RU-ALT,Сибирский,1214501000,1614101001,2201500100000,e7001b8f-d104-4873-96d4-66339f5e530a,102067728.0,2
Камень-на-Оби,40.5,53.7913974,81.3545053,Алтайский край,,RU-ALT,Сибирский,1216501000,1616101001,2201800100000,810ca9c7-f10e-4def-9c48-f0aa83168ca7,258670270.0,2
Новоалтайск,74.6,53.4119759,83.9311069,Алтайский край,,RU-ALT,Сибирский,1413000000,1713000001,2200000800000,aa288d9f-4b2a-42a6-97f0-3502dddfa383,257197346.0,2
Рубцовск,141.6,51.5012067,81.2078695,Алтайский край,,RU-ALT,Сибирский,1416000000,1716000001,2200000900000,65db5c88-c65c-43f0-9c21-13e15a032d4a,258652879.0,2
Славгород,29.1,52.999463,78.6459232,Алтайский край,,RU-ALT,Сибирский,1419000000,1719000001,2200001000000,94ae181d-b153-4dd1-8a2f-12852919875f,258666340.0,2
Яровое,18.1,52.9252146,78.5729775,Алтайский край,,RU-ALT,Сибирский,1430000000,1730000001,2200001200000,e07d57ed-22ce-4020-b59c-f7aae6f091bf,259173960.0,2
Петровск-Забайкальский,15.8,51.2748592,108.846681,Забайкальский край,,RU-ZAB,Дальневосточный,76236501000,76715000001,7501900100000,b26bb2c1-f79b-4c97-9d2d-e73790cfe622,256784738.0,2
Хилок,10.3,51.3634856,110.4590898,Забайкальский край,,RU-ZAB,Дальневосточный,76247501000,76647101001,7502500100000,a4b18a69-c5df-4022-ba9b-a29f99acfa42,119657807.0,2
Алзамай,5.7,55.5551233,98.6643699,Иркутская область,,RU-IRK,Сибирский,25228508000,25628105001,3801600200000,a7812582-bd5d-4d13-b284-d2b052265e9d,258982385.0,2
Ангарск,224.6,52.544879,103.888543,Иркутская область,,RU-IRK,Сибирский,25203501000,25703000001,3800000400000,82b6b7c8-82a4-44b2-8bc7-691373706b89,259160790.0,2
Байкальск,12.5,51.5230393,104.1487532,Иркутская область,,RU-IRK,Сибирский,25234508000,25634108001,3801800200000,cd4477e8-3335-442a-a0a4-9429a52f5c52,326067381.0,2
Бирюсинск,8.4,55.9609167,97.8205348,Иркутская область,,RU-IRK,Сибирский,25236508000,25636105001,3801900200000,5b646190-2037-409f-bf0f-6fb8194a0581,258823731.0,2
Братск,226.3,56.1513108,101.6340035,Иркутская область,,RU-IRK,Сибирский,25414000000,25714000001,3800000500000,bdf6b629-b33e-4cfa-b4b2-7f693e1d821c,259050477.0,2
Вихоревка,20.8,56.1208145,101.1702926,Иркутская область,,RU-IRK,Сибирский,25204503000,25604103001,3800500200000,04bc8726-0523-4aeb-8450-fe07ff425372,259698247.0,2
Железногорск-Илимский,22.9,56.5847888,104.114275,Иркутская область,,RU-IRK,Сибирский,25226501000,25626101001,3801500100000,31ba5d12-ae5b-4cc0-8892-2a504423ee61,258946053.0,2
Зима,30.5,53.920693,102.0491772,Иркутская область,,RU-IRK,Сибирский,25420000000,25720000001,3800000700000,7c3452ac-3953-4b78-a80c-64ec839620a6,259233217.0,2
Иркутск,623.6,52.2864036,104.2807466,Иркутская область,,RU-IRK,Сибирский,25401000000,25701000001,3800000300000,8eeed222-72e7-47c3-ab3a-9a553c31cf72,257192770.0,2
Киренск,11.0,57.7756595,108.1109412,Иркутская область,,RU-IRK,Сибирский,25220501000,25620101001,3801200100000,1ea67233-631c-49bf-8d7c-1a17fc785e97,114570588.0,2
Нижнеудинск,33.6,54.8968931,99.0314056,Иркутская область,,RU-IRK,Сибирский,25228501000,25628101001,3800000800000,5d596a21-da89-4820-91ef-6ce3940a0c9f,259538500.0,2
Саянск,38.8,54.1107238,102.18015,Иркутская область,,RU-IRK,Сибирский,25426000000,25726000001,3800000200000,c21b5e04-ce0f-4f98-b0ac-0ceabc531212,156914977.0,2
Свирск,12.7,53.0842668,103.3364093,Иркутская область,,RU-IRK,Сибирский,25427000000,25746000001,3800001600000,17e498bd-5f9e-4221-8998-5fa24a35ed2e,259252264.0,2
Слюдянка,18.2,51.6563983,103.7187545,Иркутская область,,RU-IRK,Сибирский,25234501000,25634101001,3801800100000,31802bef-b635-49b2-866d-1d1006e3081e,259104267.0,2
Тайшет,32.7,55.9405334,98.0030145,Иркутская область,,RU-IRK,Сибирский,25236501000,25636101001,3800000900000,945ac8e1-b529-4cec-afda-f92c6a6b0f70,103822614.0,2
Тулун,39.7,54.557162,100.5780603,Иркутская область,,RU-IRK,Сибирский,25432000000,25732000001,3800001000000,869c2c69-e8cd-43ae-9596-e0be50c0fcfe,301500219.0,2
Усолье-Сибирское,76.0,52.7565808,103.6388109,Иркутская область,,RU-IRK,Сибирский,25436000000,25736000001,3800001100000,ac680034-f7da-4bd8-8374-a5c97aa09516,257220626.0,2
Усть-Илимск,80.4,57.9430504,102.7415734,Иркутская область,,RU-IRK,Сибирский,25438000000,25738000001,3800001200000,78d11295-77b5-4ac4-b128-582e2989c0a5,258471073.0,2
Усть-Кут,40.8,56.7928178,105.7757343,Иркутская область,,RU-IRK,Сибирский,25244501000,25644101001,3800001300000,cfb0a55a-3314-42bf-b3d8-5ed5368abdd6,113280112.0,2
Черемхово,50.1,53.1369095,103.0901268,Иркутская область,,RU-IRK,Сибирский,25445000000,25745000001,3800001400000,f05b68c4-f1c7-4c3d-b557-f1f44a57b85f,258378509.0,2
Шелехов,48.4,52.2102538,104.0973294,Иркутская область,,RU-IRK,Сибирский,25255501000,25655101001,3800001500000,c727ac3a-e05c-4b81-b8e1-9b1003c28595,798310.0,2
Анжеро-Судженск,68.1,56.0786281,86.0201278,Кемеровская область - Кузбасс,,RU-KEM,Сибирский,32404000000,32704000001,4200000200000,8a5314a4-903e-475c-a4db-8f03db3b793f,259043743.0,2
Белово,71.2,54.4220968,86.3037373,Кемеровская область - Кузбасс,,RU-KEM,Сибирский,32407000000,32707000001,4200001500000,1346744e-8a64-4712-8939-bb84a1692874,259498267.0,2
Березовский,45.6,55.6693513,86.2744459,Кемеровская область - Кузбасс,,RU-KEM,Сибирский,32410000000,32710000001,4200000300000,ef6bac92-b712-42ba-942b-515b36b9a32c,257349204.0,2
Гурьевск,22.4,54.2859263,85.9475985,Кемеровская область - Кузбасс,,RU-KEM,Сибирский,32413000000,32502000001,4200300100000,9924881d-bc20-4e72-8c2e-e4cf415c93c1,259520464.0,2
Калтан,20.4,53.5210919,87.2771636,Кемеровская область - Кузбасс,,RU-KEM,Сибирский,32415000000,32715000001,4200000400000,5000e677-7d3c-4eec-b01d-f3f192abbd41,259619571.0,2
Кемерово,556.4,55.3910651,86.0467781,Кемеровская область - Кузбасс,,RU-KEM,Сибирский,32401000000,32701000001,4200000900000,94bb19a3-c1fa-410b-8651-ac1bf7c050cd,257156741.0,2
Киселевск,86.6,54.0059999,86.6366116,Кемеровская область - Кузбасс,,RU-KEM,Сибирский,32416000000,32716000001,4200000500000,36122f01-1666-42e0-9c65-937787e8ca45,258702803.0,2
Ленинск-Кузнецкий,94.4,54.6674492,86.1797324,Кемеровская область - Кузбасс,,RU-KEM,Сибирский,32419000000,32719000001,4200001000000,cf600ae8-e376-42ae-bf7c-5aa1875dcd28,111732268.0,2
Мариинск,37.9,56.2127383,87.7454924,Кемеровская область - Кузбасс,,RU-KEM,Сибирский,32422000000,32616101001,4200700100000,34a2e393-69d3-4258-8daf-a6290a14b06e,259037985.0,2
Междуреченск,96.3,53.6865289,88.0702754,Кемеровская область - Кузбасс,,RU-KEM,Сибирский,32425000000,32725000001,4200001600000,c6a7e590-04b4-4a01-85fc-b61b63711bba,259176671.0,2
Мыски,40.8,53.7125695,87.8055646,Кемеровская область - Кузбасс,,RU-KEM,Сибирский,32428000000,32728000001,4200000600000,070a8e7b-038f-48c8-9eed-16a6c03ab899,259530029.0,2
Новокузнецк,549.4,53.794315,87.2142745,Кемеровская область - Кузбасс,,RU-KEM,Сибирский,32431000000,32731000001,4200001200000,b28b6f6f-1435-444e-95a6-68c499b0d27a,258815060.0,2
Осинники,41.7,53.5988055,87.3371272,Кемеровская область - Кузбасс,,RU-KEM,Сибирский,32434000000,32734000001,4200000700000,1efff7c4-448a-48c5-b476-c803b4d36842,124440091.0,2
Полысаево,25.9,54.6055,86.2809208,Кемеровская область - Кузбасс,,RU-KEM,Сибирский,32435000000,32732000001,4200001100000,34ac1b24-f541-4279-abfb-466f80ed1f7b,259353727.0,2
Прокопьевск,190.3,53.8604265,86.7183577,Кемеровская область - Кузбасс,,RU-KEM,Сибирский,32437000000,32737000001,4200001300000,2d8b9d01-1c4f-4987-8a0b-1eb5080c1f38,257332232.0,2
Салаир,7.3,54.2351735,85.8030733,Кемеровская область - Кузбасс,,RU-KEM,Сибирский,32413504000,32502000006,4200300200000,e7459805-4536-4037-9113-4b9b53893807,258719139.0,2
Тайга,23.1,56.0622131,85.6207182,Кемеровская область - Кузбасс,,RU-KEM,Сибирский,32440000000,32740000001,4200000800000,4da6f430-f531-42f5-9176-1f6cf7ba6367,167142277.0,2
Таштагол,22.9,52.759313,87.8476546,Кемеровская область - Кузбасс,,RU-KEM,Сибирский,32443000000,32627101001,4201200100000,6be8ac27-9aa0-4784-ba97-a15f066995d9,258702296.0,2
Топки,27.8,55.2764707,85.6152619,Кемеровская область - Кузбасс,,RU-KEM,Сибирский,32446000000,32531000001,4201400100000,5a6d8be0-aa32-4344-9a4d-89fdb4c94ae8,160823999.0,2
Юрга,80.8,55.7202694,84.8886399,Кемеровская область - Кузбасс,,RU-KEM,Сибирский,32449000000,32749000001,4200001400000,988289f5-d6d0-40d5-a483-55983e11c033,257557908.0,2
Артемовск,1.6,54.3473075,93.4358377,Красноярский край,,RU-KYA,Сибирский,4230502000,4630102,2402400200000,d0d7a2fa-5bdc-4944-8047-75e80e4e883c,138711352.0,2
Ачинск,105.5,56.253907,90.4794397,Красноярский край,,RU-KYA,Сибирский,4403000000,4703000001,2400001200000,c3689d32-dea5-49c8-b69b-b8d2daa1d36b,258067485.0,2
Боготол,19.6,56.2098468,89.5299336,Красноярский край,,RU-KYA,Сибирский,4406000000,4706000001,2400001300000,cb56cf76-4a34-428d-8244-a802414d5fac,257965082.0,2
Бородино,16.1,55.9054121,94.9020967,Красноярский край,,RU-KYA,Сибирский,4407000000,4707000001,2400000200000,78d7587f-ef26-48dc-81c6-d3ff445c9c8b,259262396.0,2
Дивногорск,29.2,55.9576784,92.3800687,Красноярский край,,RU-KYA,Сибирский,4409000000,4709000001,2400000300000,76cc6918-6b7c-42b4-80da-4635d97d0da1,259683134.0,2
Дудинка,20.8,69.4031364,86.1907218,Красноярский край,,RU-KYA,Сибирский,4253501000,4653101001,2404800100000,80b72eaa-bcf7-4759-b291-09ee5e8b3377,106421762.0,2
Енисейск,17.8,58.4485261,92.1651083,Красноярский край,,RU-KYA,Сибирский,4412000000,4712000001,2400001400000,6eb21d40-5098-49bc-8b08-ac1a2805d22b,259257173.0,2
Железногорск,82.6,56.2529035,93.532273,Красноярский край,,RU-KYA,Сибирский,4535000000,4735000001,2400000400000,e532b3c3-d300-4585-ada6-40e7900c2abf,258812277.0,2
Заозерный,10.2,55.9617752,94.7091491,Красноярский край,,RU-KYA,Сибирский,4247501000,4647101001,2403301500000,1f8ea2c9-d6f7-4c30-b76d-2aa81640732e,257790510.0,2
Зеленогорск,61.6,56.1131564,94.5888103,Красноярский край,,RU-KYA,Сибирский,4537000000,4737000001,2400000500000,38f208d6-6f29-4d30-b826-b42e8beecc67,258931905.0,2
Игарка,4.3,67.4666901,86.5812794,Красноярский край,,RU-KYA,Сибирский,4254501000,4654117001,2403801700000,59a84d36-af93-4e61-aac4-999431645666,258934163.0,2
Иланский,14.9,56.2374037,96.067267,Красноярский край,,RU-KYA,Сибирский,4218501000,4618101001,2401600100000,8fa29485-6bce-450c-8c5c-26b8ab682bde,259496923.0,2
Канск,88.9,56.2051282,95.7051096,Красноярский край,,RU-KYA,Сибирский,4420000000,4720000001,2400001600000,75917770-c4cb-44d8-afcc-8a6d395c3bc2,257938621.0,2
Кодинск,15.7,58.6032644,99.1797962,Красноярский край,,RU-KYA,Сибирский,4224501000,4624101001,2402100100000,a97aba0e-9624-4e6c-8296-4e5fa103ddf0,258679680.0,2
Красноярск,1093.8,56.0093879,92.8524806,Красноярский край,,RU-KYA,Сибирский,4401000000,4701000001,2400000100000,9b968c73-f4d4-4012-8da8-3dacd4d4c1bd,258372486.0,2
Лесосибирск,59.3,58.221681,92.5037872,Красноярский край,,RU-KYA,Сибирский,4422000000,4722000001,2400000800000,2ddd48d6-e95b-4972-a34e-8586ed507763,259176050.0,2
Минусинск,67.9,53.7104586,91.6872907,Красноярский край,,RU-KYA,Сибирский,4423000000,4723000001,2400001700000,5cfaf0c0-8f59-4321-9a5b-4b1c51b3779f,258114787.0,2
Назарово,49.7,56.0113799,90.4168775,Красноярский край,,RU-KYA,Сибирский,4426000000,4726000001,2400001800000,ab0a1754-5ba1-48bb-8960-475c7fbc9feb,259181060.0,2
Норильск,181.8,69.3489978,88.2009846,Красноярский край,,RU-KYA,Сибирский,4429000000,4729000001,2400000900000,d301a980-4a45-4066-9a20-4e783856a562,108625812.0,2
Сосновоборск,41.1,56.1202647,93.3354121,Красноярский край,,RU-KYA,Сибирский,4433000000,4733000001,2400001000000,a139c8ba-831e-4ee5-87a9-1eead6984288,258657954.0,2
Ужур,15.3,55.3141969,89.8333918,Красноярский край,,RU-KYA,Сибирский,4256501000,4656101001,2404000100000,2730ee56-f5f7-472d-9e58-04c0b692bb8d,258953868.0,2
Уяр,11.9,55.8131263,94.3282601,Красноярский край,,RU-KYA,Сибирский,4257501000,4657101001,2404100100000,aab80404-c16d-43b2-92d4-eb06639f37c2,259131695.0,2
Шарыпово,36.7,55.5389739,89.1801044,Красноярский край,,RU-KYA,Сибирский,4440000000,4740000001,2400001900000,e21e9175-86f9-4e24-b129-abdee0f956dc,258937391.0,2
Барабинск,28.7,55.35146,78.3464506,Новосибирская область,,RU-NVS,Сибирский,50405000000,50604101001,5400301200000,0133a54d-617a-4682-8885-e22c85588be8,104748492.0,2
Бердск,104.3,54.7582156,83.1070605,Новосибирская область,,RU-NVS,Сибирский,50408000000,50708000001,5400000200000,fd0191f4-4687-42d9-be64-4ebc7824bd08,259218802.0,2
Болотное,15.5,55.6692421,84.3906889,Новосибирская область,,RU-NVS,Сибирский,50206501000,50606101001,5400400100000,7e18e6d0-f7e1-4ada-a845-cc7ab5431a1a,136807174.0,2
Искитим,56.0,54.6267603,83.2951244,Новосибирская область,,RU-NVS,Сибирский,50412000000,50712000001,5400000500000,6965fcac-b7e4-4cab-ab35-a591ed65edf5,259165171.0,2
Карасук,26.8,53.7343189,78.0422967,Новосибирская область,,RU-NVS,Сибирский,50217501000,50617101001,5400900100000,23d59dbe-1aed-4564-84da-fe921f9ce294,259272269.0,2
Каргат,9.0,55.1945666,80.2829495,Новосибирская область,,RU-NVS,Сибирский,50219501000,50619101001,5401000100000,f3a2db25-007e-4830-b460-e763ced3a642,112865869.0,2
Куйбышев,43.5,55.4685094,78.3242048,Новосибирская область,,RU-NVS,Сибирский,50415000000,50630101001,5401501800000,1b70e712-092e-4c45-9984-af3a2c7cfdd7,106977288.0,2
Купино,13.8,54.366055,77.2973368,Новосибирская область,,RU-NVS,Сибирский,50232501000,50632101001,5401600100000,b1467e32-e362-4e64-b5d7-0d7deba77505,117037165.0,2
Новосибирск,1625.6,55.028191,82.9211489,Новосибирская область,,RU-NVS,Сибирский,50401000000,50701000001,5400000100000,8dea00e3-9aab-4d8e-887c-ef2aaa546456,256757597.0,2
Обь,29.9,54.9945576,82.6937181,Новосибирская область,,RU-NVS,Сибирский,50417000000,50717000001,5400000300000,8571e389-8c43-4c36-afae-b532d078c928,258267592.0,2
Татарск,23.4,55.2146167,75.9739914,Новосибирская область,,RU-NVS,Сибирский,50418000000,50650101001,5402302200000,17f3169d-63c5-4c04-9395-298333f7e0f4,,2
Тогучин,20.8,55.2251631,84.4104118,Новосибирская область,,RU-NVS,Сибирский,50252501000,50652101001,5402400100000,579da04d-579c-4ef7-8f84-aa63088be55b,104749288.0,2
Черепаново,19.1,54.2206476,83.3724521,Новосибирская область,,RU-NVS,Сибирский,50257501000,50657101001,5402800100000,e849dc37-0f3b-4a66-8f0e-780c75927025,258687796.0,2
Чулым,11.0,55.0906867,80.9592508,Новосибирская область,,RU-NVS,Сибирский,50259501000,50659101001,5403000100000,bd136162-7404-4915-b456-239426f78b94,259563524.0,2
Калачинск,22.6,55.0598155,74.5653644,Омская область,,RU-OMS,Сибирский,52410000000,52618101001,5500800100000,fc59f020-5c8e-45e8-baf5-c9069a61e4a9,,2
Тара,28.2,56.9160511,74.3649194,Омская область,,RU-OMS,Сибирский,52415000000,52654101001,5502800100000,191443b9-a283-4368-a09d-0a98f16c7dc5,259524480.0,2
Горно-Алтайск,64.5,51.9581028,85.9603235,Республика Алтай,,RU-AL,Сибирский,84401000000,84701000001,400000100000,0839d751-b940-4d3d-afb6-5df03fdd7791,256807488.0,2
Бабушкин,4.5,51.7112755,105.8673219,Республика Бурятия,,RU-BU,Дальневосточный,81224503000,81624103001,300900200000,519731a7-aace-435a-9a1c-1d0051ab7913,170538652.0,2
Гусиноозерск,23.0,51.2865048,106.5230319,Республика Бурятия,,RU-BU,Дальневосточный,81248501000,81648101001,301800100000,30e1ab6c-4ee2-45ce-934a-c3435a015c29,258717148.0,2
Закаменск,11.2,50.372713,103.286699,Республика Бурятия,,RU-BU,Дальневосточный,81221501000,81621101001,300700100000,0602f259-5de5-48e0-8a2c-427a5e0aef82,169047591.0,2
Кяхта,20.3,50.346543,106.4533516,Республика Бурятия,,RU-BU,Дальневосточный,81233501000,81633101001,301200100000,5ef858d8-f7e6-4ea9-8276-53a25672bf9f,258725241.0,2
Северобайкальск,23.2,55.635614,109.3361505,Республика Бурятия,,RU-BU,Дальневосточный,81420000000,81720000001,300000200000,c4ea4370-0720-40a3-9df6-dd8ccf354d15,258998655.0,2
Улан-Удэ,439.1,51.8335853,107.5842223,Республика Бурятия,,RU-BU,Дальневосточный,81401000000,81701000001,300000100000,9fdcc25f-a3d0-4f28-8b61-40648d099065,258366476.0,2
Удачный,12.0,66.4071765,112.3061555,Республика Саха (Якутия),,RU-SA,Дальневосточный,98231509000,98631109001,1401700200000,e6fde0e4-6124-4e8d-82ce-5f97abe86cc6,104422759.0,2
Ак-Довурак,13.6,51.178452,90.5985129,Республика Тыва,,RU-TY,Сибирский,93403000000,93703000001,1700000200000,7e4932c1-2db8-4fee-9997-655d837e70e1,258942845.0,2
Кызыл,119.4,51.7191047,94.4376882,Республика Тыва,,RU-TY,Сибирский,93401000000,93701000001,1700000100000,8df8c56f-a46e-438f-a85b-a9b18ad4fc77,259070192.0,2
Туран,4.9,52.1449619,93.9173396,Республика Тыва,,RU-TY,Сибирский,93235501000,93635101001,1700900100000,224d11db-b006-4774-92eb-7fa5b870acbe,,2
Чадан,9.4,51.2844502,91.5788609,Республика Тыва,,RU-TY,Сибирский,93215501000,93615101001,1700400100000,2f1dec2a-2206-47fa-9620-1db182968112,854339.0,2
Шагонар,11.2,51.5346393,92.9199675,Республика Тыва,,RU-TY,Сибирский,93254501000,93654101001,1701400100000,a2095706-c501-479c-903a-695b78af1f36,324944227.0,2
Абаза,15.0,52.6516647,90.0885686,Республика Хакасия,,RU-KK,Сибирский,95402000000,95702000001,1900000400000,a369b520-09b4-49b2-b28c-61c9146153e6,258455748.0,2
Абакан,186.8,53.7223325,91.4436721,Республика Хакасия,,RU-KK,Сибирский,95401000000,95701000001,1900000100000,42a02e11-a337-4d50-8596-fc76dae7c62a,259027993.0,2
Саяногорск,46.0,53.1008083,91.4122454,Республика Хакасия,,RU-KK,Сибирский,95408000000,95708000001,1900000200000,f89db729-bbfa-4d64-b8d5-ecafbec0733d,258383648.0,2
Сорск,11.2,54.0002888,90.2594446,Республика Хакасия,,RU-KK,Сибирский,95409000000,95709000001,1900000500000,bf626532-9e6c-4365-801e-c1d297ab40f0,258951608.0,2
Черногорск,75.4,53.8259342,91.3260229,Республика Хакасия,,RU-KK,Сибирский,95415000000,95715000001,1900000300000,2e3ec6d8-3835-4c57-9fbc-7e61b58a03a3,99374420.0,2
Асино,24.4,56.9907085,86.1765257,Томская область,,RU-TOM,Сибирский,69208501000,69608101001,7000300100000,8540435c-3516-4d00-a7e5-213165da85e5,259813643.0,2
Кедровый,1.9,57.561869,79.5677821,Томская область,,RU-TOM,Сибирский,69407000000,69707000001,7000000200000,59cb7e41-b681-40c8-97f2-13374a397867,130308687.0,2
Колпашево,22.9,58.3114253,82.9025829,Томская область,,RU-TOM,Сибирский,69232501000,69632101001,7000900100000,c29a885f-a8c8-43b4-aecd-d439d36f5e47,130446036.0,2
Северск,106.5,56.6031285,84.8809926,Томская область,,RU-TOM,Сибирский,69541000000,69741000001,7000000300000,53c22352-eb6f-4163-a4d1-385d64561d2f,131523223.0,2
Стрежевой,40.8,60.732895,77.604122,Томская область,,RU-TOM,Сибирский,69410000000,69710000001,7000000400000,0a0fe1fc-8aab-4ff3-a2a3-971ee4fcd27f,121486668.0,2
Томск,576.6,56.4845804,84.9481582,Томская область,,RU-TOM,Сибирский,69401000000,69701000001,7000000100000,e3b0eae8-a4ce-4779-ae04-5c0797de66be,259415839.0,2
Губкинский,29.2,64.4457594,76.4713274,Тюменская область,Ямало-Ненецкий автономный округ,RU-YAN,Уральский,71172000000,71952000001,8900000200000,0cb9e3a5-20fa-4248-8c1d-b31d5ce7f691,259054145.0,2
Когалым,67.7,62.2639527,74.4829794,Тюменская область,Ханты-Мансийский автономный округ – Югра,RU-KHM,Уральский,71183000000,71883000001,8600000200000,5a08166f-cfaa-4e95-8233-f0d473883bd3,257197855.0,2
Лангепас,44.6,61.2536939,75.1807763,Тюменская область,Ханты-Мансийский автономный округ – Югра,RU-KHM,Уральский,71132000000,71872000001,8600000300000,149e651b-5dd3-480f-a372-5174576609f6,257954404.0,2
Мегион,46.6,61.0318712,76.1025878,Тюменская область,Ханты-Мансийский автономный округ – Югра,RU-KHM,Уральский,71133000000,71873000001,8600000400000,d9c157ca-fd05-4efc-ae0c-16927612a0c8,257343795.0,2
Муравленко,31.6,63.7940552,74.4948635,Тюменская область,Ямало-Ненецкий автономный округ,RU-YAN,Уральский,71175000000,71955000001,8900000400000,9d4ebe8d-29d8-4ddc-882d-75a5c5aec652,258313492.0,2
Нижневартовск,277.7,60.9396698,76.5696184,Тюменская область,Ханты-Мансийский автономный округ – Югра,RU-KHM,Уральский,71135000000,71875000001,8600001100000,0bf0f4ed-13f8-446e-82f6-325498808076,97718703.0,2
Новый Уренгой,118.0,66.0839433,76.6809681,Тюменская область,Ямало-Ненецкий автономный округ,RU-YAN,Уральский,71176000000,71956000001,8900000600000,4136d0c1-3ff7-44c0-aa30-fa2e7eb96ef7,320827949.0,2
Ноябрьск,106.9,63.2018039,75.4510581,Тюменская область,Ямало-Ненецкий автономный округ,RU-YAN,Уральский,71178000000,71958000001,8900000700000,131c6e49-9bc5-484d-b65a-ee7f5d250418,259184377.0,2
Покачи,18.1,61.7422169,75.5941517,Тюменская область,Ханты-Мансийский автономный округ – Югра,RU-KHM,Уральский,71184000000,71884000001,8600000600000,8bac4b94-1d16-42b5-b5c6-211aa52f3216,258313515.0,2
Радужный,43.7,62.1342888,77.4584094,Тюменская область,Ханты-Мансийский автономный округ – Югра,RU-KHM,Уральский,71137000000,71877000001,8600001500000,394a840f-9502-406f-a8be-3a2aa9e8f075,257315863.0,2
Тарко-Сале,21.5,64.9118803,77.7610236,Тюменская область,Ямало-Ненецкий автономный округ,RU-YAN,Уральский,71160605000,71940000001,8900400100000,b998fcc0-d770-4754-9133-d669a2b2ba5d,311446467.0,2
